Name,Ref:Opportunity__c:Opportunity,Requirement_Type__c,Type__c,Status__c,Due_Date__c,Submission_Date__c,Milestone_Amount__c,Comments__c
Financial Report - FY2022 Grant - 00001,CE-OPP-00001,Optional,Financial Report,Not Started,2024-01-15,,10000.00,Standard reporting milestone. No special conditions.
Progress Report - FY2023 Grant - 00002,CE-OPP-00002,Required,Progress Report,In Progress,2025-03-15,,25000.00,Standard reporting milestone. No special conditions.
Letter of Intent (LOI) - FY2023 Grant - 00003,CE-OPP-00003,Required,Letter of Intent (LOI),Submitted,2024-05-15,2024-05-10,5000.00,Standard reporting milestone. No special conditions.
Tax Exemption Document - FY2025 Grant - 00004,CE-OPP-00004,Optional,Tax Exemption Document,Approved,2025-07-15,2025-07-10,50000.00,Standard reporting milestone. No special conditions.
Final Evaluation - FY2023 Grant - 00005,CE-OPP-00005,Required,Final Evaluation,Overdue,2024-09-15,,12500.00,Standard reporting milestone. No special conditions.
Financial Report - FY2025 Grant - 00006,CE-OPP-00006,Required,Financial Report,Not Started,2025-11-15,,10000.00,Standard reporting milestone. No special conditions.
Progress Report - FY2024 Grant - 00007,CE-OPP-00007,Optional,Progress Report,In Progress,2024-01-15,,25000.00,Standard reporting milestone. No special conditions.
Letter of Intent (LOI) - FY2025 Grant - 00008,CE-OPP-00008,Required,Letter of Intent (LOI),Submitted,2025-03-15,2025-03-10,5000.00,Standard reporting milestone. No special conditions.
Tax Exemption Document - FY2025 Grant - 00009,CE-OPP-00009,Required,Tax Exemption Document,Approved,2024-05-15,2024-05-10,50000.00,Standard reporting milestone. No special conditions.
Final Evaluation - FY2024 Grant - 00010,CE-OPP-00010,Optional,Final Evaluation,Overdue,2025-07-15,,12500.00,Standard reporting milestone. No special conditions.
Financial Report - FY2025 Grant - 00011,CE-OPP-00011,Required,Financial Report,Not Started,2024-09-15,,10000.00,Standard reporting milestone. No special conditions.
Progress Report - FY2023 Grant - 00012,CE-OPP-00012,Required,Progress Report,In Progress,2025-11-15,,25000.00,Standard reporting milestone. No special conditions.
Letter of Intent (LOI) - FY2025 Grant - 00013,CE-OPP-00013,Optional,Letter of Intent (LOI),Submitted,2024-01-15,2024-01-10,5000.00,Standard reporting milestone. No special conditions.
Tax Exemption Document - FY2025 Grant - 00014,CE-OPP-00014,Required,Tax Exemption Document,Approved,2025-03-15,2025-03-10,50000.00,Standard reporting milestone. No special conditions.
Final Evaluation - FY2023 Grant - 00015,CE-OPP-00015,Required,Final Evaluation,Overdue,2024-05-15,,12500.00,Standard reporting milestone. No special conditions.
Financial Report - FY2024 Grant - 00016,CE-OPP-00016,Optional,Financial Report,Not Started,2025-07-15,,10000.00,Standard reporting milestone. No special conditions.
Progress Report - FY2024 Grant - 00017,CE-OPP-00017,Required,Progress Report,In Progress,2024-09-15,,25000.00,Standard reporting milestone. No special conditions.
Letter of Intent (LOI) - FY2025 Grant - 00018,CE-OPP-00018,Required,Letter of Intent (LOI),Submitted,2025-11-15,2025-11-10,5000.00,Standard reporting milestone. No special conditions.
Tax Exemption Document - FY2024 Grant - 00019,CE-OPP-00019,Optional,Tax Exemption Document,Approved,2024-01-15,2024-01-10,50000.00,Standard reporting milestone. No special conditions.
Final Evaluation - FY2024 Grant - 00020,CE-OPP-00020,Required,Final Evaluation,Overdue,2025-03-15,,12500.00,Standard reporting milestone. No special conditions.
Financial Report - FY2022 Grant - 00021,CE-OPP-00021,Required,Financial Report,Not Started,2024-05-15,,10000.00,Standard reporting milestone. No special conditions.
Progress Report - FY2023 Grant - 00022,CE-OPP-00022,Optional,Progress Report,In Progress,2025-07-15,,25000.00,Standard reporting milestone. No special conditions.
Letter of Intent (LOI) - FY2024 Grant - 00023,CE-OPP-00023,Required,Letter of Intent (LOI),Submitted,2024-09-15,2024-09-10,5000.00,Standard reporting milestone. No special conditions.
Tax Exemption Document - FY2024 Grant - 00024,CE-OPP-00024,Required,Tax Exemption Document,Approved,2025-11-15,2025-11-10,50000.00,Standard reporting milestone. No special conditions.
Final Evaluation - FY2025 Grant - 00025,CE-OPP-00025,Optional,Final Evaluation,Overdue,2024-01-15,,12500.00,Standard reporting milestone. No special conditions.
Financial Report - FY2023 Grant - 00026,CE-OPP-00026,Required,Financial Report,Not Started,2025-03-15,,10000.00,Standard reporting milestone. No special conditions.
Progress Report - FY2023 Grant - 00027,CE-OPP-00027,Required,Progress Report,In Progress,2024-05-15,,25000.00,Standard reporting milestone. No special conditions.
Letter of Intent (LOI) - FY2023 Grant - 00028,CE-OPP-00028,Optional,Letter of Intent (LOI),Submitted,2025-07-15,2025-07-10,5000.00,Standard reporting milestone. No special conditions.
Tax Exemption Document - FY2022 Grant - 00029,CE-OPP-00029,Required,Tax Exemption Document,Approved,2024-09-15,2024-09-10,50000.00,Standard reporting milestone. No special conditions.
Final Evaluation - FY2024 Grant - 00030,CE-OPP-00030,Required,Final Evaluation,Overdue,2025-11-15,,12500.00,Standard reporting milestone. No special conditions.
Financial Report - FY2025 Grant - 00031,CE-OPP-00031,Optional,Financial Report,Not Started,2024-01-15,,10000.00,Standard reporting milestone. No special conditions.
Progress Report - FY2022 Grant - 00032,CE-OPP-00032,Required,Progress Report,In Progress,2025-03-15,,25000.00,Standard reporting milestone. No special conditions.
Letter of Intent (LOI) - FY2023 Grant - 00033,CE-OPP-00033,Required,Letter of Intent (LOI),Submitted,2024-05-15,2024-05-10,5000.00,Standard reporting milestone. No special conditions.
Tax Exemption Document - FY2024 Grant - 00034,CE-OPP-00034,Optional,Tax Exemption Document,Approved,2025-07-15,2025-07-10,50000.00,Standard reporting milestone. No special conditions.
Final Evaluation - FY2024 Grant - 00035,CE-OPP-00035,Required,Final Evaluation,Overdue,2024-09-15,,12500.00,Standard reporting milestone. No special conditions.
Financial Report - FY2022 Grant - 00036,CE-OPP-00036,Required,Financial Report,Not Started,2025-11-15,,10000.00,Standard reporting milestone. No special conditions.
Progress Report - FY2022 Grant - 00037,CE-OPP-00037,Optional,Progress Report,In Progress,2024-01-15,,25000.00,Standard reporting milestone. No special conditions.
Letter of Intent (LOI) - FY2025 Grant - 00038,CE-OPP-00038,Required,Letter of Intent (LOI),Submitted,2025-03-15,2025-03-10,5000.00,Standard reporting milestone. No special conditions.
Tax Exemption Document - FY2023 Grant - 00039,CE-OPP-00039,Required,Tax Exemption Document,Approved,2024-05-15,2024-05-10,50000.00,Standard reporting milestone. No special conditions.
Final Evaluation - FY2024 Grant - 00040,CE-OPP-00040,Optional,Final Evaluation,Overdue,2025-07-15,,12500.00,Standard reporting milestone. No special conditions.
Financial Report - FY2023 Grant - 00041,CE-OPP-00041,Required,Financial Report,Not Started,2024-09-15,,10000.00,Standard reporting milestone. No special conditions.
Progress Report - FY2022 Grant - 00042,CE-OPP-00042,Required,Progress Report,In Progress,2025-11-15,,25000.00,Standard reporting milestone. No special conditions.
Letter of Intent (LOI) - FY2023 Grant - 00043,CE-OPP-00043,Optional,Letter of Intent (LOI),Submitted,2024-01-15,2024-01-10,5000.00,Standard reporting milestone. No special conditions.
Tax Exemption Document - FY2025 Grant - 00044,CE-OPP-00044,Required,Tax Exemption Document,Approved,2025-03-15,2025-03-10,50000.00,Standard reporting milestone. No special conditions.
Final Evaluation - FY2024 Grant - 00045,CE-OPP-00045,Required,Final Evaluation,Overdue,2024-05-15,,12500.00,Standard reporting milestone. No special conditions.
Financial Report - FY2024 Grant - 00046,CE-OPP-00046,Optional,Financial Report,Not Started,2025-07-15,,10000.00,Standard reporting milestone. No special conditions.
Progress Report - FY2025 Grant - 00047,CE-OPP-00047,Required,Progress Report,In Progress,2024-09-15,,25000.00,Standard reporting milestone. No special conditions.
Letter of Intent (LOI) - FY2023 Grant - 00048,CE-OPP-00048,Required,Letter of Intent (LOI),Submitted,2025-11-15,2025-11-10,5000.00,Standard reporting milestone. No special conditions.
Tax Exemption Document - FY2022 Grant - 00049,CE-OPP-00049,Optional,Tax Exemption Document,Approved,2024-01-15,2024-01-10,50000.00,Standard reporting milestone. No special conditions.
Final Evaluation - FY2024 Grant - 00050,CE-OPP-00050,Required,Final Evaluation,Overdue,2025-03-15,,12500.00,Standard reporting milestone. No special conditions.
Financial Report - FY2022 Grant - 00051,CE-OPP-00051,Required,Financial Report,Not Started,2024-05-15,,10000.00,Standard reporting milestone. No special conditions.
Progress Report - FY2022 Grant - 00052,CE-OPP-00052,Optional,Progress Report,In Progress,2025-07-15,,25000.00,Standard reporting milestone. No special conditions.
Letter of Intent (LOI) - FY2024 Grant - 00053,CE-OPP-00053,Required,Letter of Intent (LOI),Submitted,2024-09-15,2024-09-10,5000.00,Standard reporting milestone. No special conditions.
Tax Exemption Document - FY2023 Grant - 00054,CE-OPP-00054,Required,Tax Exemption Document,Approved,2025-11-15,2025-11-10,50000.00,Standard reporting milestone. No special conditions.
Final Evaluation - FY2025 Grant - 00055,CE-OPP-00055,Optional,Final Evaluation,Overdue,2024-01-15,,12500.00,Standard reporting milestone. No special conditions.
Financial Report - FY2023 Grant - 00056,CE-OPP-00056,Required,Financial Report,Not Started,2025-03-15,,10000.00,Standard reporting milestone. No special conditions.
Progress Report - FY2023 Grant - 00057,CE-OPP-00057,Required,Progress Report,In Progress,2024-05-15,,25000.00,Standard reporting milestone. No special conditions.
Letter of Intent (LOI) - FY2023 Grant - 00058,CE-OPP-00058,Optional,Letter of Intent (LOI),Submitted,2025-07-15,2025-07-10,5000.00,Standard reporting milestone. No special conditions.
Tax Exemption Document - FY2023 Grant - 00059,CE-OPP-00059,Required,Tax Exemption Document,Approved,2024-09-15,2024-09-10,50000.00,Standard reporting milestone. No special conditions.
Final Evaluation - FY2023 Grant - 00060,CE-OPP-00060,Required,Final Evaluation,Overdue,2025-11-15,,12500.00,Standard reporting milestone. No special conditions.
Financial Report - FY2024 Grant - 00061,CE-OPP-00061,Optional,Financial Report,Not Started,2024-01-15,,10000.00,Standard reporting milestone. No special conditions.
Progress Report - FY2023 Grant - 00062,CE-OPP-00062,Required,Progress Report,In Progress,2025-03-15,,25000.00,Standard reporting milestone. No special conditions.
Letter of Intent (LOI) - FY2024 Grant - 00063,CE-OPP-00063,Required,Letter of Intent (LOI),Submitted,2024-05-15,2024-05-10,5000.00,Standard reporting milestone. No special conditions.
Tax Exemption Document - FY2022 Grant - 00064,CE-OPP-00064,Optional,Tax Exemption Document,Approved,2025-07-15,2025-07-10,50000.00,Standard reporting milestone. No special conditions.
Final Evaluation - FY2025 Grant - 00065,CE-OPP-00065,Required,Final Evaluation,Overdue,2024-09-15,,12500.00,Standard reporting milestone. No special conditions.
Financial Report - FY2022 Grant - 00066,CE-OPP-00066,Required,Financial Report,Not Started,2025-11-15,,10000.00,Standard reporting milestone. No special conditions.
Progress Report - FY2023 Grant - 00067,CE-OPP-00067,Optional,Progress Report,In Progress,2024-01-15,,25000.00,Standard reporting milestone. No special conditions.
Letter of Intent (LOI) - FY2023 Grant - 00068,CE-OPP-00068,Required,Letter of Intent (LOI),Submitted,2025-03-15,2025-03-10,5000.00,Standard reporting milestone. No special conditions.
Tax Exemption Document - FY2023 Grant - 00069,CE-OPP-00069,Required,Tax Exemption Document,Approved,2024-05-15,2024-05-10,50000.00,Standard reporting milestone. No special conditions.
Final Evaluation - FY2024 Grant - 00070,CE-OPP-00070,Optional,Final Evaluation,Overdue,2025-07-15,,12500.00,Standard reporting milestone. No special conditions.
Financial Report - FY2024 Grant - 00071,CE-OPP-00071,Required,Financial Report,Not Started,2024-09-15,,10000.00,Standard reporting milestone. No special conditions.
Progress Report - FY2024 Grant - 00072,CE-OPP-00072,Required,Progress Report,In Progress,2025-11-15,,25000.00,Standard reporting milestone. No special conditions.
Letter of Intent (LOI) - FY2022 Grant - 00073,CE-OPP-00073,Optional,Letter of Intent (LOI),Submitted,2024-01-15,2024-01-10,5000.00,Standard reporting milestone. No special conditions.
Tax Exemption Document - FY2022 Grant - 00074,CE-OPP-00074,Required,Tax Exemption Document,Approved,2025-03-15,2025-03-10,50000.00,Standard reporting milestone. No special conditions.
Final Evaluation - FY2024 Grant - 00075,CE-OPP-00075,Required,Final Evaluation,Overdue,2024-05-15,,12500.00,Standard reporting milestone. No special conditions.
Financial Report - FY2024 Grant - 00076,CE-OPP-00076,Optional,Financial Report,Not Started,2025-07-15,,10000.00,Standard reporting milestone. No special conditions.
Progress Report - FY2025 Grant - 00077,CE-OPP-00077,Required,Progress Report,In Progress,2024-09-15,,25000.00,Standard reporting milestone. No special conditions.
Letter of Intent (LOI) - FY2025 Grant - 00078,CE-OPP-00078,Required,Letter of Intent (LOI),Submitted,2025-11-15,2025-11-10,5000.00,Standard reporting milestone. No special conditions.
Tax Exemption Document - FY2022 Grant - 00079,CE-OPP-00079,Optional,Tax Exemption Document,Approved,2024-01-15,2024-01-10,50000.00,Standard reporting milestone. No special conditions.
Final Evaluation - FY2022 Grant - 00080,CE-OPP-00080,Required,Final Evaluation,Overdue,2025-03-15,,12500.00,Standard reporting milestone. No special conditions.
Financial Report - FY2025 Grant - 00081,CE-OPP-00081,Required,Financial Report,Not Started,2024-05-15,,10000.00,Standard reporting milestone. No special conditions.
Progress Report - FY2024 Grant - 00082,CE-OPP-00082,Optional,Progress Report,In Progress,2025-07-15,,25000.00,Standard reporting milestone. No special conditions.
Letter of Intent (LOI) - FY2023 Grant - 00083,CE-OPP-00083,Required,Letter of Intent (LOI),Submitted,2024-09-15,2024-09-10,5000.00,Standard reporting milestone. No special conditions.
Tax Exemption Document - FY2023 Grant - 00084,CE-OPP-00084,Required,Tax Exemption Document,Approved,2025-11-15,2025-11-10,50000.00,Standard reporting milestone. No special conditions.
Final Evaluation - FY2023 Grant - 00085,CE-OPP-00085,Optional,Final Evaluation,Overdue,2024-01-15,,12500.00,Standard reporting milestone. No special conditions.
Financial Report - FY2024 Grant - 00086,CE-OPP-00086,Required,Financial Report,Not Started,2025-03-15,,10000.00,Standard reporting milestone. No special conditions.
Progress Report - FY2023 Grant - 00087,CE-OPP-00087,Required,Progress Report,In Progress,2024-05-15,,25000.00,Standard reporting milestone. No special conditions.
Letter of Intent (LOI) - FY2023 Grant - 00088,CE-OPP-00088,Optional,Letter of Intent (LOI),Submitted,2025-07-15,2025-07-10,5000.00,Standard reporting milestone. No special conditions.
Tax Exemption Document - FY2022 Grant - 00089,CE-OPP-00089,Required,Tax Exemption Document,Approved,2024-09-15,2024-09-10,50000.00,Standard reporting milestone. No special conditions.
Final Evaluation - FY2022 Grant - 00090,CE-OPP-00090,Required,Final Evaluation,Overdue,2025-11-15,,12500.00,Standard reporting milestone. No special conditions.
Financial Report - FY2024 Grant - 00091,CE-OPP-00091,Optional,Financial Report,Not Started,2024-01-15,,10000.00,Standard reporting milestone. No special conditions.
Progress Report - FY2023 Grant - 00092,CE-OPP-00092,Required,Progress Report,In Progress,2025-03-15,,25000.00,Standard reporting milestone. No special conditions.
Letter of Intent (LOI) - FY2023 Grant - 00093,CE-OPP-00093,Required,Letter of Intent (LOI),Submitted,2024-05-15,2024-05-10,5000.00,Standard reporting milestone. No special conditions.
Tax Exemption Document - FY2025 Grant - 00094,CE-OPP-00094,Optional,Tax Exemption Document,Approved,2025-07-15,2025-07-10,50000.00,Standard reporting milestone. No special conditions.
Final Evaluation - FY2024 Grant - 00095,CE-OPP-00095,Required,Final Evaluation,Overdue,2024-09-15,,12500.00,Standard reporting milestone. No special conditions.
Financial Report - FY2022 Grant - 00096,CE-OPP-00096,Required,Financial Report,Not Started,2025-11-15,,10000.00,Standard reporting milestone. No special conditions.
Progress Report - FY2024 Grant - 00097,CE-OPP-00097,Optional,Progress Report,In Progress,2024-01-15,,25000.00,Standard reporting milestone. No special conditions.
Letter of Intent (LOI) - FY2024 Grant - 00098,CE-OPP-00098,Required,Letter of Intent (LOI),Submitted,2025-03-15,2025-03-10,5000.00,Standard reporting milestone. No special conditions.
Tax Exemption Document - FY2025 Grant - 00099,CE-OPP-00099,Required,Tax Exemption Document,Approved,2024-05-15,2024-05-10,50000.00,Standard reporting milestone. No special conditions.
Final Evaluation - FY2024 Grant - 00100,CE-OPP-00100,Optional,Final Evaluation,Overdue,2025-07-15,,12500.00,Standard reporting milestone. No special conditions.
Financial Report - FY2022 Grant - 00101,CE-OPP-00101,Required,Financial Report,Not Started,2024-09-15,,10000.00,Standard reporting milestone. No special conditions.
Progress Report - FY2024 Grant - 00102,CE-OPP-00102,Required,Progress Report,In Progress,2025-11-15,,25000.00,Standard reporting milestone. No special conditions.
Letter of Intent (LOI) - FY2023 Grant - 00103,CE-OPP-00103,Optional,Letter of Intent (LOI),Submitted,2024-01-15,2024-01-10,5000.00,Standard reporting milestone. No special conditions.
Tax Exemption Document - FY2023 Grant - 00104,CE-OPP-00104,Required,Tax Exemption Document,Approved,2025-03-15,2025-03-10,50000.00,Standard reporting milestone. No special conditions.
Final Evaluation - FY2023 Grant - 00105,CE-OPP-00105,Required,Final Evaluation,Overdue,2024-05-15,,12500.00,Standard reporting milestone. No special conditions.
Financial Report - FY2024 Grant - 00106,CE-OPP-00106,Optional,Financial Report,Not Started,2025-07-15,,10000.00,Standard reporting milestone. No special conditions.
Progress Report - FY2023 Grant - 00107,CE-OPP-00107,Required,Progress Report,In Progress,2024-09-15,,25000.00,Standard reporting milestone. No special conditions.
Letter of Intent (LOI) - FY2022 Grant - 00108,CE-OPP-00108,Required,Letter of Intent (LOI),Submitted,2025-11-15,2025-11-10,5000.00,Standard reporting milestone. No special conditions.
Tax Exemption Document - FY2024 Grant - 00109,CE-OPP-00109,Optional,Tax Exemption Document,Approved,2024-01-15,2024-01-10,50000.00,Standard reporting milestone. No special conditions.
Final Evaluation - FY2023 Grant - 00110,CE-OPP-00110,Required,Final Evaluation,Overdue,2025-03-15,,12500.00,Standard reporting milestone. No special conditions.
Financial Report - FY2024 Grant - 00111,CE-OPP-00111,Required,Financial Report,Not Started,2024-05-15,,10000.00,Standard reporting milestone. No special conditions.
Progress Report - FY2025 Grant - 00112,CE-OPP-00112,Optional,Progress Report,In Progress,2025-07-15,,25000.00,Standard reporting milestone. No special conditions.
Letter of Intent (LOI) - FY2024 Grant - 00113,CE-OPP-00113,Required,Letter of Intent (LOI),Submitted,2024-09-15,2024-09-10,5000.00,Standard reporting milestone. No special conditions.
Tax Exemption Document - FY2025 Grant - 00114,CE-OPP-00114,Required,Tax Exemption Document,Approved,2025-11-15,2025-11-10,50000.00,Standard reporting milestone. No special conditions.
Final Evaluation - FY2023 Grant - 00115,CE-OPP-00115,Optional,Final Evaluation,Overdue,2024-01-15,,12500.00,Standard reporting milestone. No special conditions.
Financial Report - FY2023 Grant - 00116,CE-OPP-00116,Required,Financial Report,Not Started,2025-03-15,,10000.00,Standard reporting milestone. No special conditions.
Progress Report - FY2025 Grant - 00117,CE-OPP-00117,Required,Progress Report,In Progress,2024-05-15,,25000.00,Standard reporting milestone. No special conditions.
Letter of Intent (LOI) - FY2025 Grant - 00118,CE-OPP-00118,Optional,Letter of Intent (LOI),Submitted,2025-07-15,2025-07-10,5000.00,Standard reporting milestone. No special conditions.
Tax Exemption Document - FY2024 Grant - 00119,CE-OPP-00119,Required,Tax Exemption Document,Approved,2024-09-15,2024-09-10,50000.00,Standard reporting milestone. No special conditions.
Final Evaluation - FY2024 Grant - 00120,CE-OPP-00120,Required,Final Evaluation,Overdue,2025-11-15,,12500.00,Standard reporting milestone. No special conditions.
Financial Report - FY2023 Grant - 00121,CE-OPP-00121,Optional,Financial Report,Not Started,2024-01-15,,10000.00,Standard reporting milestone. No special conditions.
Progress Report - FY2025 Grant - 00122,CE-OPP-00122,Required,Progress Report,In Progress,2025-03-15,,25000.00,Standard reporting milestone. No special conditions.
Letter of Intent (LOI) - FY2022 Grant - 00123,CE-OPP-00123,Required,Letter of Intent (LOI),Submitted,2024-05-15,2024-05-10,5000.00,Standard reporting milestone. No special conditions.
Tax Exemption Document - FY2025 Grant - 00124,CE-OPP-00124,Optional,Tax Exemption Document,Approved,2025-07-15,2025-07-10,50000.00,Standard reporting milestone. No special conditions.
Final Evaluation - FY2025 Grant - 00125,CE-OPP-00125,Required,Final Evaluation,Overdue,2024-09-15,,12500.00,Standard reporting milestone. No special conditions.
Financial Report - FY2025 Grant - 00126,CE-OPP-00126,Required,Financial Report,Not Started,2025-11-15,,10000.00,Standard reporting milestone. No special conditions.
Progress Report - FY2024 Grant - 00127,CE-OPP-00127,Optional,Progress Report,In Progress,2024-01-15,,25000.00,Standard reporting milestone. No special conditions.
Letter of Intent (LOI) - FY2025 Grant - 00128,CE-OPP-00128,Required,Letter of Intent (LOI),Submitted,2025-03-15,2025-03-10,5000.00,Standard reporting milestone. No special conditions.
Tax Exemption Document - FY2024 Grant - 00129,CE-OPP-00129,Required,Tax Exemption Document,Approved,2024-05-15,2024-05-10,50000.00,Standard reporting milestone. No special conditions.
Final Evaluation - FY2024 Grant - 00130,CE-OPP-00130,Optional,Final Evaluation,Overdue,2025-07-15,,12500.00,Standard reporting milestone. No special conditions.
Financial Report - FY2024 Grant - 00131,CE-OPP-00131,Required,Financial Report,Not Started,2024-09-15,,10000.00,Standard reporting milestone. No special conditions.
Progress Report - FY2022 Grant - 00132,CE-OPP-00132,Required,Progress Report,In Progress,2025-11-15,,25000.00,Standard reporting milestone. No special conditions.
Letter of Intent (LOI) - FY2023 Grant - 00133,CE-OPP-00133,Optional,Letter of Intent (LOI),Submitted,2024-01-15,2024-01-10,5000.00,Standard reporting milestone. No special conditions.
Tax Exemption Document - FY2024 Grant - 00134,CE-OPP-00134,Required,Tax Exemption Document,Approved,2025-03-15,2025-03-10,50000.00,Standard reporting milestone. No special conditions.
Final Evaluation - FY2023 Grant - 00135,CE-OPP-00135,Required,Final Evaluation,Overdue,2024-05-15,,12500.00,Standard reporting milestone. No special conditions.
Financial Report - FY2023 Grant - 00136,CE-OPP-00136,Optional,Financial Report,Not Started,2025-07-15,,10000.00,Standard reporting milestone. No special conditions.
Progress Report - FY2023 Grant - 00137,CE-OPP-00137,Required,Progress Report,In Progress,2024-09-15,,25000.00,Standard reporting milestone. No special conditions.
Letter of Intent (LOI) - FY2024 Grant - 00138,CE-OPP-00138,Required,Letter of Intent (LOI),Submitted,2025-11-15,2025-11-10,5000.00,Standard reporting milestone. No special conditions.
Tax Exemption Document - FY2024 Grant - 00139,CE-OPP-00139,Optional,Tax Exemption Document,Approved,2024-01-15,2024-01-10,50000.00,Standard reporting milestone. No special conditions.
Final Evaluation - FY2025 Grant - 00140,CE-OPP-00140,Required,Final Evaluation,Overdue,2025-03-15,,12500.00,Standard reporting milestone. No special conditions.
Financial Report - FY2023 Grant - 00141,CE-OPP-00141,Required,Financial Report,Not Started,2024-05-15,,10000.00,Standard reporting milestone. No special conditions.
Progress Report - FY2024 Grant - 00142,CE-OPP-00142,Optional,Progress Report,In Progress,2025-07-15,,25000.00,Standard reporting milestone. No special conditions.
Letter of Intent (LOI) - FY2024 Grant - 00143,CE-OPP-00143,Required,Letter of Intent (LOI),Submitted,2024-09-15,2024-09-10,5000.00,Standard reporting milestone. No special conditions.
Tax Exemption Document - FY2023 Grant - 00144,CE-OPP-00144,Required,Tax Exemption Document,Approved,2025-11-15,2025-11-10,50000.00,Standard reporting milestone. No special conditions.
Final Evaluation - FY2025 Grant - 00145,CE-OPP-00145,Optional,Final Evaluation,Overdue,2024-01-15,,12500.00,Standard reporting milestone. No special conditions.
Financial Report - FY2024 Grant - 00146,CE-OPP-00146,Required,Financial Report,Not Started,2025-03-15,,10000.00,Standard reporting milestone. No special conditions.
Progress Report - FY2024 Grant - 00147,CE-OPP-00147,Required,Progress Report,In Progress,2024-05-15,,25000.00,Standard reporting milestone. No special conditions.
Letter of Intent (LOI) - FY2024 Grant - 00148,CE-OPP-00148,Optional,Letter of Intent (LOI),Submitted,2025-07-15,2025-07-10,5000.00,Standard reporting milestone. No special conditions.
Tax Exemption Document - FY2024 Grant - 00149,CE-OPP-00149,Required,Tax Exemption Document,Approved,2024-09-15,2024-09-10,50000.00,Standard reporting milestone. No special conditions.
Final Evaluation - FY2024 Grant - 00150,CE-OPP-00150,Required,Final Evaluation,Overdue,2025-11-15,,12500.00,Standard reporting milestone. No special conditions.
Financial Report - FY2024 Grant - 00151,CE-OPP-00151,Optional,Financial Report,Not Started,2024-01-15,,10000.00,Standard reporting milestone. No special conditions.
Progress Report - FY2023 Grant - 00152,CE-OPP-00152,Required,Progress Report,In Progress,2025-03-15,,25000.00,Standard reporting milestone. No special conditions.
Letter of Intent (LOI) - FY2024 Grant - 00153,CE-OPP-00153,Required,Letter of Intent (LOI),Submitted,2024-05-15,2024-05-10,5000.00,Standard reporting milestone. No special conditions.
Tax Exemption Document - FY2025 Grant - 00154,CE-OPP-00154,Optional,Tax Exemption Document,Approved,2025-07-15,2025-07-10,50000.00,Standard reporting milestone. No special conditions.
Final Evaluation - FY2022 Grant - 00155,CE-OPP-00155,Required,Final Evaluation,Overdue,2024-09-15,,12500.00,Standard reporting milestone. No special conditions.
Financial Report - FY2024 Grant - 00156,CE-OPP-00156,Required,Financial Report,Not Started,2025-11-15,,10000.00,Standard reporting milestone. No special conditions.
Progress Report - FY2022 Grant - 00157,CE-OPP-00157,Optional,Progress Report,In Progress,2024-01-15,,25000.00,Standard reporting milestone. No special conditions.
Letter of Intent (LOI) - FY2024 Grant - 00158,CE-OPP-00158,Required,Letter of Intent (LOI),Submitted,2025-03-15,2025-03-10,5000.00,Standard reporting milestone. No special conditions.
Tax Exemption Document - FY2024 Grant - 00159,CE-OPP-00159,Required,Tax Exemption Document,Approved,2024-05-15,2024-05-10,50000.00,Standard reporting milestone. No special conditions.
Final Evaluation - FY2024 Grant - 00160,CE-OPP-00160,Optional,Final Evaluation,Overdue,2025-07-15,,12500.00,Standard reporting milestone. No special conditions.
Financial Report - FY2023 Grant - 00161,CE-OPP-00161,Required,Financial Report,Not Started,2024-09-15,,10000.00,Standard reporting milestone. No special conditions.
Progress Report - FY2023 Grant - 00162,CE-OPP-00162,Required,Progress Report,In Progress,2025-11-15,,25000.00,Standard reporting milestone. No special conditions.
Letter of Intent (LOI) - FY2024 Grant - 00163,CE-OPP-00163,Optional,Letter of Intent (LOI),Submitted,2024-01-15,2024-01-10,5000.00,Standard reporting milestone. No special conditions.
Tax Exemption Document - FY2023 Grant - 00164,CE-OPP-00164,Required,Tax Exemption Document,Approved,2025-03-15,2025-03-10,50000.00,Standard reporting milestone. No special conditions.
Final Evaluation - FY2022 Grant - 00165,CE-OPP-00165,Required,Final Evaluation,Overdue,2024-05-15,,12500.00,Standard reporting milestone. No special conditions.
Financial Report - FY2023 Grant - 00166,CE-OPP-00166,Optional,Financial Report,Not Started,2025-07-15,,10000.00,Standard reporting milestone. No special conditions.
Progress Report - FY2024 Grant - 00167,CE-OPP-00167,Required,Progress Report,In Progress,2024-09-15,,25000.00,Standard reporting milestone. No special conditions.
Letter of Intent (LOI) - FY2023 Grant - 00168,CE-OPP-00168,Required,Letter of Intent (LOI),Submitted,2025-11-15,2025-11-10,5000.00,Standard reporting milestone. No special conditions.
Tax Exemption Document - FY2023 Grant - 00169,CE-OPP-00169,Optional,Tax Exemption Document,Approved,2024-01-15,2024-01-10,50000.00,Standard reporting milestone. No special conditions.
Final Evaluation - FY2023 Grant - 00170,CE-OPP-00170,Required,Final Evaluation,Overdue,2025-03-15,,12500.00,Standard reporting milestone. No special conditions.
Financial Report - FY2023 Grant - 00171,CE-OPP-00171,Required,Financial Report,Not Started,2024-05-15,,10000.00,Standard reporting milestone. No special conditions.
Progress Report - FY2025 Grant - 00172,CE-OPP-00172,Optional,Progress Report,In Progress,2025-07-15,,25000.00,Standard reporting milestone. No special conditions.
Letter of Intent (LOI) - FY2023 Grant - 00173,CE-OPP-00173,Required,Letter of Intent (LOI),Submitted,2024-09-15,2024-09-10,5000.00,Standard reporting milestone. No special conditions.
Tax Exemption Document - FY2023 Grant - 00174,CE-OPP-00174,Required,Tax Exemption Document,Approved,2025-11-15,2025-11-10,50000.00,Standard reporting milestone. No special conditions.
Final Evaluation - FY2023 Grant - 00175,CE-OPP-00175,Optional,Final Evaluation,Overdue,2024-01-15,,12500.00,Standard reporting milestone. No special conditions.
Financial Report - FY2023 Grant - 00176,CE-OPP-00176,Required,Financial Report,Not Started,2025-03-15,,10000.00,Standard reporting milestone. No special conditions.
Progress Report - FY2023 Grant - 00177,CE-OPP-00177,Required,Progress Report,In Progress,2024-05-15,,25000.00,Standard reporting milestone. No special conditions.
Letter of Intent (LOI) - FY2023 Grant - 00178,CE-OPP-00178,Optional,Letter of Intent (LOI),Submitted,2025-07-15,2025-07-10,5000.00,Standard reporting milestone. No special conditions.
Tax Exemption Document - FY2024 Grant - 00179,CE-OPP-00179,Required,Tax Exemption Document,Approved,2024-09-15,2024-09-10,50000.00,Standard reporting milestone. No special conditions.
Final Evaluation - FY2022 Grant - 00180,CE-OPP-00180,Required,Final Evaluation,Overdue,2025-11-15,,12500.00,Standard reporting milestone. No special conditions.
Financial Report - FY2024 Grant - 00181,CE-OPP-00181,Optional,Financial Report,Not Started,2024-01-15,,10000.00,Standard reporting milestone. No special conditions.
Progress Report - FY2022 Grant - 00182,CE-OPP-00182,Required,Progress Report,In Progress,2025-03-15,,25000.00,Standard reporting milestone. No special conditions.
Letter of Intent (LOI) - FY2024 Grant - 00183,CE-OPP-00183,Required,Letter of Intent (LOI),Submitted,2024-05-15,2024-05-10,5000.00,Standard reporting milestone. No special conditions.
Tax Exemption Document - FY2022 Grant - 00184,CE-OPP-00184,Optional,Tax Exemption Document,Approved,2025-07-15,2025-07-10,50000.00,Standard reporting milestone. No special conditions.
Final Evaluation - FY2022 Grant - 00185,CE-OPP-00185,Required,Final Evaluation,Overdue,2024-09-15,,12500.00,Standard reporting milestone. No special conditions.
Financial Report - FY2022 Grant - 00186,CE-OPP-00186,Required,Financial Report,Not Started,2025-11-15,,10000.00,Standard reporting milestone. No special conditions.
Progress Report - FY2024 Grant - 00187,CE-OPP-00187,Optional,Progress Report,In Progress,2024-01-15,,25000.00,Standard reporting milestone. No special conditions.
Letter of Intent (LOI) - FY2023 Grant - 00188,CE-OPP-00188,Required,Letter of Intent (LOI),Submitted,2025-03-15,2025-03-10,5000.00,Standard reporting milestone. No special conditions.
Tax Exemption Document - FY2025 Grant - 00189,CE-OPP-00189,Required,Tax Exemption Document,Approved,2024-05-15,2024-05-10,50000.00,Standard reporting milestone. No special conditions.
Final Evaluation - FY2022 Grant - 00190,CE-OPP-00190,Optional,Final Evaluation,Overdue,2025-07-15,,12500.00,Standard reporting milestone. No special conditions.
Financial Report - FY2022 Grant - 00191,CE-OPP-00191,Required,Financial Report,Not Started,2024-09-15,,10000.00,Standard reporting milestone. No special conditions.
Progress Report - FY2024 Grant - 00192,CE-OPP-00192,Required,Progress Report,In Progress,2025-11-15,,25000.00,Standard reporting milestone. No special conditions.
Letter of Intent (LOI) - FY2023 Grant - 00193,CE-OPP-00193,Optional,Letter of Intent (LOI),Submitted,2024-01-15,2024-01-10,5000.00,Standard reporting milestone. No special conditions.
Tax Exemption Document - FY2023 Grant - 00194,CE-OPP-00194,Required,Tax Exemption Document,Approved,2025-03-15,2025-03-10,50000.00,Standard reporting milestone. No special conditions.
Final Evaluation - FY2023 Grant - 00195,CE-OPP-00195,Required,Final Evaluation,Overdue,2024-05-15,,12500.00,Standard reporting milestone. No special conditions.
Financial Report - FY2024 Grant - 00196,CE-OPP-00196,Optional,Financial Report,Not Started,2025-07-15,,10000.00,Standard reporting milestone. No special conditions.
Progress Report - FY2022 Grant - 00197,CE-OPP-00197,Required,Progress Report,In Progress,2024-09-15,,25000.00,Standard reporting milestone. No special conditions.
Letter of Intent (LOI) - FY2023 Grant - 00198,CE-OPP-00198,Required,Letter of Intent (LOI),Submitted,2025-11-15,2025-11-10,5000.00,Standard reporting milestone. No special conditions.
Tax Exemption Document - FY2022 Grant - 00199,CE-OPP-00199,Optional,Tax Exemption Document,Approved,2024-01-15,2024-01-10,50000.00,Standard reporting milestone. No special conditions.
Final Evaluation - FY2022 Grant - 00200,CE-OPP-00200,Required,Final Evaluation,Overdue,2025-03-15,,12500.00,Standard reporting milestone. No special conditions.
Financial Report - FY2022 Grant - 00201,CE-OPP-00201,Required,Financial Report,Not Started,2024-05-15,,10000.00,Standard reporting milestone. No special conditions.
Progress Report - FY2024 Grant - 00202,CE-OPP-00202,Optional,Progress Report,In Progress,2025-07-15,,25000.00,Standard reporting milestone. No special conditions.
Letter of Intent (LOI) - FY2024 Grant - 00203,CE-OPP-00203,Required,Letter of Intent (LOI),Submitted,2024-09-15,2024-09-10,5000.00,Standard reporting milestone. No special conditions.
Tax Exemption Document - FY2024 Grant - 00204,CE-OPP-00204,Required,Tax Exemption Document,Approved,2025-11-15,2025-11-10,50000.00,Standard reporting milestone. No special conditions.
Final Evaluation - FY2023 Grant - 00205,CE-OPP-00205,Optional,Final Evaluation,Overdue,2024-01-15,,12500.00,Standard reporting milestone. No special conditions.
Financial Report - FY2024 Grant - 00206,CE-OPP-00206,Required,Financial Report,Not Started,2025-03-15,,10000.00,Standard reporting milestone. No special conditions.
Progress Report - FY2024 Grant - 00207,CE-OPP-00207,Required,Progress Report,In Progress,2024-05-15,,25000.00,Standard reporting milestone. No special conditions.
Letter of Intent (LOI) - FY2023 Grant - 00208,CE-OPP-00208,Optional,Letter of Intent (LOI),Submitted,2025-07-15,2025-07-10,5000.00,Standard reporting milestone. No special conditions.
Tax Exemption Document - FY2025 Grant - 00209,CE-OPP-00209,Required,Tax Exemption Document,Approved,2024-09-15,2024-09-10,50000.00,Standard reporting milestone. No special conditions.
Final Evaluation - FY2024 Grant - 00210,CE-OPP-00210,Required,Final Evaluation,Overdue,2025-11-15,,12500.00,Standard reporting milestone. No special conditions.
Financial Report - FY2022 Grant - 00211,CE-OPP-00211,Optional,Financial Report,Not Started,2024-01-15,,10000.00,Standard reporting milestone. No special conditions.
Progress Report - FY2025 Grant - 00212,CE-OPP-00212,Required,Progress Report,In Progress,2025-03-15,,25000.00,Standard reporting milestone. No special conditions.
Letter of Intent (LOI) - FY2022 Grant - 00213,CE-OPP-00213,Required,Letter of Intent (LOI),Submitted,2024-05-15,2024-05-10,5000.00,Standard reporting milestone. No special conditions.
Tax Exemption Document - FY2022 Grant - 00214,CE-OPP-00214,Optional,Tax Exemption Document,Approved,2025-07-15,2025-07-10,50000.00,Standard reporting milestone. No special conditions.
Final Evaluation - FY2025 Grant - 00215,CE-OPP-00215,Required,Final Evaluation,Overdue,2024-09-15,,12500.00,Standard reporting milestone. No special conditions.
Financial Report - FY2022 Grant - 00216,CE-OPP-00216,Required,Financial Report,Not Started,2025-11-15,,10000.00,Standard reporting milestone. No special conditions.
Progress Report - FY2024 Grant - 00217,CE-OPP-00217,Optional,Progress Report,In Progress,2024-01-15,,25000.00,Standard reporting milestone. No special conditions.
Letter of Intent (LOI) - FY2025 Grant - 00218,CE-OPP-00218,Required,Letter of Intent (LOI),Submitted,2025-03-15,2025-03-10,5000.00,Standard reporting milestone. No special conditions.
Tax Exemption Document - FY2024 Grant - 00219,CE-OPP-00219,Required,Tax Exemption Document,Approved,2024-05-15,2024-05-10,50000.00,Standard reporting milestone. No special conditions.
Final Evaluation - FY2023 Grant - 00220,CE-OPP-00220,Optional,Final Evaluation,Overdue,2025-07-15,,12500.00,Standard reporting milestone. No special conditions.
Financial Report - FY2023 Grant - 00221,CE-OPP-00221,Required,Financial Report,Not Started,2024-09-15,,10000.00,Standard reporting milestone. No special conditions.
Progress Report - FY2023 Grant - 00222,CE-OPP-00222,Required,Progress Report,In Progress,2025-11-15,,25000.00,Standard reporting milestone. No special conditions.
Letter of Intent (LOI) - FY2024 Grant - 00223,CE-OPP-00223,Optional,Letter of Intent (LOI),Submitted,2024-01-15,2024-01-10,5000.00,Standard reporting milestone. No special conditions.
Tax Exemption Document - FY2023 Grant - 00224,CE-OPP-00224,Required,Tax Exemption Document,Approved,2025-03-15,2025-03-10,50000.00,Standard reporting milestone. No special conditions.
Final Evaluation - FY2024 Grant - 00225,CE-OPP-00225,Required,Final Evaluation,Overdue,2024-05-15,,12500.00,Standard reporting milestone. No special conditions.
Financial Report - FY2025 Grant - 00226,CE-OPP-00226,Optional,Financial Report,Not Started,2025-07-15,,10000.00,Standard reporting milestone. No special conditions.
Progress Report - FY2023 Grant - 00227,CE-OPP-00227,Required,Progress Report,In Progress,2024-09-15,,25000.00,Standard reporting milestone. No special conditions.
Letter of Intent (LOI) - FY2025 Grant - 00228,CE-OPP-00228,Required,Letter of Intent (LOI),Submitted,2025-11-15,2025-11-10,5000.00,Standard reporting milestone. No special conditions.
Tax Exemption Document - FY2025 Grant - 00229,CE-OPP-00229,Optional,Tax Exemption Document,Approved,2024-01-15,2024-01-10,50000.00,Standard reporting milestone. No special conditions.
Final Evaluation - FY2023 Grant - 00230,CE-OPP-00230,Required,Final Evaluation,Overdue,2025-03-15,,12500.00,Standard reporting milestone. No special conditions.
Financial Report - FY2022 Grant - 00231,CE-OPP-00231,Required,Financial Report,Not Started,2024-05-15,,10000.00,Standard reporting milestone. No special conditions.
Progress Report - FY2024 Grant - 00232,CE-OPP-00232,Optional,Progress Report,In Progress,2025-07-15,,25000.00,Standard reporting milestone. No special conditions.
Letter of Intent (LOI) - FY2024 Grant - 00233,CE-OPP-00233,Required,Letter of Intent (LOI),Submitted,2024-09-15,2024-09-10,5000.00,Standard reporting milestone. No special conditions.
Tax Exemption Document - FY2022 Grant - 00234,CE-OPP-00234,Required,Tax Exemption Document,Approved,2025-11-15,2025-11-10,50000.00,Standard reporting milestone. No special conditions.
Final Evaluation - FY2023 Grant - 00235,CE-OPP-00235,Optional,Final Evaluation,Overdue,2024-01-15,,12500.00,Standard reporting milestone. No special conditions.
Financial Report - FY2024 Grant - 00236,CE-OPP-00236,Required,Financial Report,Not Started,2025-03-15,,10000.00,Standard reporting milestone. No special conditions.
Progress Report - FY2024 Grant - 00237,CE-OPP-00237,Required,Progress Report,In Progress,2024-05-15,,25000.00,Standard reporting milestone. No special conditions.
Letter of Intent (LOI) - FY2023 Grant - 00238,CE-OPP-00238,Optional,Letter of Intent (LOI),Submitted,2025-07-15,2025-07-10,5000.00,Standard reporting milestone. No special conditions.
Tax Exemption Document - FY2022 Grant - 00239,CE-OPP-00239,Required,Tax Exemption Document,Approved,2024-09-15,2024-09-10,50000.00,Standard reporting milestone. No special conditions.
Final Evaluation - FY2022 Grant - 00240,CE-OPP-00240,Required,Final Evaluation,Overdue,2025-11-15,,12500.00,Standard reporting milestone. No special conditions.
Financial Report - FY2022 Grant - 00241,CE-OPP-00241,Optional,Financial Report,Not Started,2024-01-15,,10000.00,Standard reporting milestone. No special conditions.
Progress Report - FY2024 Grant - 00242,CE-OPP-00242,Required,Progress Report,In Progress,2025-03-15,,25000.00,Standard reporting milestone. No special conditions.
Letter of Intent (LOI) - FY2024 Grant - 00243,CE-OPP-00243,Required,Letter of Intent (LOI),Submitted,2024-05-15,2024-05-10,5000.00,Standard reporting milestone. No special conditions.
Tax Exemption Document - FY2025 Grant - 00244,CE-OPP-00244,Optional,Tax Exemption Document,Approved,2025-07-15,2025-07-10,50000.00,Standard reporting milestone. No special conditions.
Final Evaluation - FY2023 Grant - 00245,CE-OPP-00245,Required,Final Evaluation,Overdue,2024-09-15,,12500.00,Standard reporting milestone. No special conditions.
Financial Report - FY2024 Grant - 00246,CE-OPP-00246,Required,Financial Report,Not Started,2025-11-15,,10000.00,Standard reporting milestone. No special conditions.
Progress Report - FY2024 Grant - 00247,CE-OPP-00247,Optional,Progress Report,In Progress,2024-01-15,,25000.00,Standard reporting milestone. No special conditions.
Letter of Intent (LOI) - FY2024 Grant - 00248,CE-OPP-00248,Required,Letter of Intent (LOI),Submitted,2025-03-15,2025-03-10,5000.00,Standard reporting milestone. No special conditions.
Tax Exemption Document - FY2022 Grant - 00249,CE-OPP-00249,Required,Tax Exemption Document,Approved,2024-05-15,2024-05-10,50000.00,Standard reporting milestone. No special conditions.
Final Evaluation - FY2024 Grant - 00250,CE-OPP-00250,Optional,Final Evaluation,Overdue,2025-07-15,,12500.00,Standard reporting milestone. No special conditions.
Financial Report - FY2023 Grant - 00251,CE-OPP-00251,Required,Financial Report,Not Started,2024-09-15,,10000.00,Standard reporting milestone. No special conditions.
Progress Report - FY2025 Grant - 00252,CE-OPP-00252,Required,Progress Report,In Progress,2025-11-15,,25000.00,Standard reporting milestone. No special conditions.
Letter of Intent (LOI) - FY2024 Grant - 00253,CE-OPP-00253,Optional,Letter of Intent (LOI),Submitted,2024-01-15,2024-01-10,5000.00,Standard reporting milestone. No special conditions.
Tax Exemption Document - FY2024 Grant - 00254,CE-OPP-00254,Required,Tax Exemption Document,Approved,2025-03-15,2025-03-10,50000.00,Standard reporting milestone. No special conditions.
Final Evaluation - FY2024 Grant - 00255,CE-OPP-00255,Required,Final Evaluation,Overdue,2024-05-15,,12500.00,Standard reporting milestone. No special conditions.
Financial Report - FY2023 Grant - 00256,CE-OPP-00256,Optional,Financial Report,Not Started,2025-07-15,,10000.00,Standard reporting milestone. No special conditions.
Progress Report - FY2022 Grant - 00257,CE-OPP-00257,Required,Progress Report,In Progress,2024-09-15,,25000.00,Standard reporting milestone. No special conditions.
Letter of Intent (LOI) - FY2023 Grant - 00258,CE-OPP-00258,Required,Letter of Intent (LOI),Submitted,2025-11-15,2025-11-10,5000.00,Standard reporting milestone. No special conditions.
Tax Exemption Document - FY2023 Grant - 00259,CE-OPP-00259,Optional,Tax Exemption Document,Approved,2024-01-15,2024-01-10,50000.00,Standard reporting milestone. No special conditions.
Final Evaluation - FY2024 Grant - 00260,CE-OPP-00260,Required,Final Evaluation,Overdue,2025-03-15,,12500.00,Standard reporting milestone. No special conditions.
Financial Report - FY2025 Grant - 00261,CE-OPP-00261,Required,Financial Report,Not Started,2024-05-15,,10000.00,Standard reporting milestone. No special conditions.
Progress Report - FY2024 Grant - 00262,CE-OPP-00262,Optional,Progress Report,In Progress,2025-07-15,,25000.00,Standard reporting milestone. No special conditions.
Letter of Intent (LOI) - FY2023 Grant - 00263,CE-OPP-00263,Required,Letter of Intent (LOI),Submitted,2024-09-15,2024-09-10,5000.00,Standard reporting milestone. No special conditions.
Tax Exemption Document - FY2022 Grant - 00264,CE-OPP-00264,Required,Tax Exemption Document,Approved,2025-11-15,2025-11-10,50000.00,Standard reporting milestone. No special conditions.
Final Evaluation - FY2024 Grant - 00265,CE-OPP-00265,Optional,Final Evaluation,Overdue,2024-01-15,,12500.00,Standard reporting milestone. No special conditions.
Financial Report - FY2023 Grant - 00266,CE-OPP-00266,Required,Financial Report,Not Started,2025-03-15,,10000.00,Standard reporting milestone. No special conditions.
Progress Report - FY2025 Grant - 00267,CE-OPP-00267,Required,Progress Report,In Progress,2024-05-15,,25000.00,Standard reporting milestone. No special conditions.
Letter of Intent (LOI) - FY2025 Grant - 00268,CE-OPP-00268,Optional,Letter of Intent (LOI),Submitted,2025-07-15,2025-07-10,5000.00,Standard reporting milestone. No special conditions.
Tax Exemption Document - FY2024 Grant - 00269,CE-OPP-00269,Required,Tax Exemption Document,Approved,2024-09-15,2024-09-10,50000.00,Standard reporting milestone. No special conditions.
Final Evaluation - FY2024 Grant - 00270,CE-OPP-00270,Required,Final Evaluation,Overdue,2025-11-15,,12500.00,Standard reporting milestone. No special conditions.
Financial Report - FY2022 Grant - 00271,CE-OPP-00271,Optional,Financial Report,Not Started,2024-01-15,,10000.00,Standard reporting milestone. No special conditions.
Progress Report - FY2023 Grant - 00272,CE-OPP-00272,Required,Progress Report,In Progress,2025-03-15,,25000.00,Standard reporting milestone. No special conditions.
Letter of Intent (LOI) - FY2024 Grant - 00273,CE-OPP-00273,Required,Letter of Intent (LOI),Submitted,2024-05-15,2024-05-10,5000.00,Standard reporting milestone. No special conditions.
Tax Exemption Document - FY2023 Grant - 00274,CE-OPP-00274,Optional,Tax Exemption Document,Approved,2025-07-15,2025-07-10,50000.00,Standard reporting milestone. No special conditions.
Final Evaluation - FY2022 Grant - 00275,CE-OPP-00275,Required,Final Evaluation,Overdue,2024-09-15,,12500.00,Standard reporting milestone. No special conditions.
Financial Report - FY2023 Grant - 00276,CE-OPP-00276,Required,Financial Report,Not Started,2025-11-15,,10000.00,Standard reporting milestone. No special conditions.
Progress Report - FY2023 Grant - 00277,CE-OPP-00277,Optional,Progress Report,In Progress,2024-01-15,,25000.00,Standard reporting milestone. No special conditions.
Letter of Intent (LOI) - FY2023 Grant - 00278,CE-OPP-00278,Required,Letter of Intent (LOI),Submitted,2025-03-15,2025-03-10,5000.00,Standard reporting milestone. No special conditions.
Tax Exemption Document - FY2024 Grant - 00279,CE-OPP-00279,Required,Tax Exemption Document,Approved,2024-05-15,2024-05-10,50000.00,Standard reporting milestone. No special conditions.
Final Evaluation - FY2024 Grant - 00280,CE-OPP-00280,Optional,Final Evaluation,Overdue,2025-07-15,,12500.00,Standard reporting milestone. No special conditions.
Financial Report - FY2024 Grant - 00281,CE-OPP-00281,Required,Financial Report,Not Started,2024-09-15,,10000.00,Standard reporting milestone. No special conditions.
Progress Report - FY2022 Grant - 00282,CE-OPP-00282,Required,Progress Report,In Progress,2025-11-15,,25000.00,Standard reporting milestone. No special conditions.
Letter of Intent (LOI) - FY2024 Grant - 00283,CE-OPP-00283,Optional,Letter of Intent (LOI),Submitted,2024-01-15,2024-01-10,5000.00,Standard reporting milestone. No special conditions.
Tax Exemption Document - FY2023 Grant - 00284,CE-OPP-00284,Required,Tax Exemption Document,Approved,2025-03-15,2025-03-10,50000.00,Standard reporting milestone. No special conditions.
Final Evaluation - FY2024 Grant - 00285,CE-OPP-00285,Required,Final Evaluation,Overdue,2024-05-15,,12500.00,Standard reporting milestone. No special conditions.
Financial Report - FY2023 Grant - 00286,CE-OPP-00286,Optional,Financial Report,Not Started,2025-07-15,,10000.00,Standard reporting milestone. No special conditions.
Progress Report - FY2022 Grant - 00287,CE-OPP-00287,Required,Progress Report,In Progress,2024-09-15,,25000.00,Standard reporting milestone. No special conditions.
Letter of Intent (LOI) - FY2024 Grant - 00288,CE-OPP-00288,Required,Letter of Intent (LOI),Submitted,2025-11-15,2025-11-10,5000.00,Standard reporting milestone. No special conditions.
Tax Exemption Document - FY2024 Grant - 00289,CE-OPP-00289,Optional,Tax Exemption Document,Approved,2024-01-15,2024-01-10,50000.00,Standard reporting milestone. No special conditions.
Final Evaluation - FY2023 Grant - 00290,CE-OPP-00290,Required,Final Evaluation,Overdue,2025-03-15,,12500.00,Standard reporting milestone. No special conditions.
Financial Report - FY2022 Grant - 00291,CE-OPP-00291,Required,Financial Report,Not Started,2024-05-15,,10000.00,Standard reporting milestone. No special conditions.
Progress Report - FY2025 Grant - 00292,CE-OPP-00292,Optional,Progress Report,In Progress,2025-07-15,,25000.00,Standard reporting milestone. No special conditions.
Letter of Intent (LOI) - FY2024 Grant - 00293,CE-OPP-00293,Required,Letter of Intent (LOI),Submitted,2024-09-15,2024-09-10,5000.00,Standard reporting milestone. No special conditions.
Tax Exemption Document - FY2024 Grant - 00294,CE-OPP-00294,Required,Tax Exemption Document,Approved,2025-11-15,2025-11-10,50000.00,Standard reporting milestone. No special conditions.
Final Evaluation - FY2023 Grant - 00295,CE-OPP-00295,Optional,Final Evaluation,Overdue,2024-01-15,,12500.00,Standard reporting milestone. No special conditions.
Financial Report - FY2025 Grant - 00296,CE-OPP-00296,Required,Financial Report,Not Started,2025-03-15,,10000.00,Standard reporting milestone. No special conditions.
Progress Report - FY2023 Grant - 00297,CE-OPP-00297,Required,Progress Report,In Progress,2024-05-15,,25000.00,Standard reporting milestone. No special conditions.
Letter of Intent (LOI) - FY2024 Grant - 00298,CE-OPP-00298,Optional,Letter of Intent (LOI),Submitted,2025-07-15,2025-07-10,5000.00,Standard reporting milestone. No special conditions.
Tax Exemption Document - FY2025 Grant - 00299,CE-OPP-00299,Required,Tax Exemption Document,Approved,2024-09-15,2024-09-10,50000.00,Standard reporting milestone. No special conditions.
Final Evaluation - FY2023 Grant - 00300,CE-OPP-00300,Required,Final Evaluation,Overdue,2025-11-15,,12500.00,Standard reporting milestone. No special conditions.
Financial Report - FY2023 Grant - 00301,CE-OPP-00301,Optional,Financial Report,Not Started,2024-01-15,,10000.00,Standard reporting milestone. No special conditions.
Progress Report - FY2025 Grant - 00302,CE-OPP-00302,Required,Progress Report,In Progress,2025-03-15,,25000.00,Standard reporting milestone. No special conditions.
Letter of Intent (LOI) - FY2025 Grant - 00303,CE-OPP-00303,Required,Letter of Intent (LOI),Submitted,2024-05-15,2024-05-10,5000.00,Standard reporting milestone. No special conditions.
Tax Exemption Document - FY2023 Grant - 00304,CE-OPP-00304,Optional,Tax Exemption Document,Approved,2025-07-15,2025-07-10,50000.00,Standard reporting milestone. No special conditions.
Final Evaluation - FY2024 Grant - 00305,CE-OPP-00305,Required,Final Evaluation,Overdue,2024-09-15,,12500.00,Standard reporting milestone. No special conditions.
Financial Report - FY2023 Grant - 00306,CE-OPP-00306,Required,Financial Report,Not Started,2025-11-15,,10000.00,Standard reporting milestone. No special conditions.
Progress Report - FY2024 Grant - 00307,CE-OPP-00307,Optional,Progress Report,In Progress,2024-01-15,,25000.00,Standard reporting milestone. No special conditions.
Letter of Intent (LOI) - FY2022 Grant - 00308,CE-OPP-00308,Required,Letter of Intent (LOI),Submitted,2025-03-15,2025-03-10,5000.00,Standard reporting milestone. No special conditions.
Tax Exemption Document - FY2024 Grant - 00309,CE-OPP-00309,Required,Tax Exemption Document,Approved,2024-05-15,2024-05-10,50000.00,Standard reporting milestone. No special conditions.
Final Evaluation - FY2022 Grant - 00310,CE-OPP-00310,Optional,Final Evaluation,Overdue,2025-07-15,,12500.00,Standard reporting milestone. No special conditions.
Financial Report - FY2023 Grant - 00311,CE-OPP-00311,Required,Financial Report,Not Started,2024-09-15,,10000.00,Standard reporting milestone. No special conditions.
Progress Report - FY2023 Grant - 00312,CE-OPP-00312,Required,Progress Report,In Progress,2025-11-15,,25000.00,Standard reporting milestone. No special conditions.
Letter of Intent (LOI) - FY2023 Grant - 00313,CE-OPP-00313,Optional,Letter of Intent (LOI),Submitted,2024-01-15,2024-01-10,5000.00,Standard reporting milestone. No special conditions.
Tax Exemption Document - FY2025 Grant - 00314,CE-OPP-00314,Required,Tax Exemption Document,Approved,2025-03-15,2025-03-10,50000.00,Standard reporting milestone. No special conditions.
Final Evaluation - FY2024 Grant - 00315,CE-OPP-00315,Required,Final Evaluation,Overdue,2024-05-15,,12500.00,Standard reporting milestone. No special conditions.
Financial Report - FY2023 Grant - 00316,CE-OPP-00316,Optional,Financial Report,Not Started,2025-07-15,,10000.00,Standard reporting milestone. No special conditions.
Progress Report - FY2024 Grant - 00317,CE-OPP-00317,Required,Progress Report,In Progress,2024-09-15,,25000.00,Standard reporting milestone. No special conditions.
Letter of Intent (LOI) - FY2024 Grant - 00318,CE-OPP-00318,Required,Letter of Intent (LOI),Submitted,2025-11-15,2025-11-10,5000.00,Standard reporting milestone. No special conditions.
Tax Exemption Document - FY2022 Grant - 00319,CE-OPP-00319,Optional,Tax Exemption Document,Approved,2024-01-15,2024-01-10,50000.00,Standard reporting milestone. No special conditions.
Final Evaluation - FY2024 Grant - 00320,CE-OPP-00320,Required,Final Evaluation,Overdue,2025-03-15,,12500.00,Standard reporting milestone. No special conditions.
Financial Report - FY2024 Grant - 00321,CE-OPP-00321,Required,Financial Report,Not Started,2024-05-15,,10000.00,Standard reporting milestone. No special conditions.
Progress Report - FY2023 Grant - 00322,CE-OPP-00322,Optional,Progress Report,In Progress,2025-07-15,,25000.00,Standard reporting milestone. No special conditions.
Letter of Intent (LOI) - FY2024 Grant - 00323,CE-OPP-00323,Required,Letter of Intent (LOI),Submitted,2024-09-15,2024-09-10,5000.00,Standard reporting milestone. No special conditions.
Tax Exemption Document - FY2022 Grant - 00324,CE-OPP-00324,Required,Tax Exemption Document,Approved,2025-11-15,2025-11-10,50000.00,Standard reporting milestone. No special conditions.
Final Evaluation - FY2025 Grant - 00325,CE-OPP-00325,Optional,Final Evaluation,Overdue,2024-01-15,,12500.00,Standard reporting milestone. No special conditions.
Financial Report - FY2024 Grant - 00326,CE-OPP-00326,Required,Financial Report,Not Started,2025-03-15,,10000.00,Standard reporting milestone. No special conditions.
Progress Report - FY2023 Grant - 00327,CE-OPP-00327,Required,Progress Report,In Progress,2024-05-15,,25000.00,Standard reporting milestone. No special conditions.
Letter of Intent (LOI) - FY2023 Grant - 00328,CE-OPP-00328,Optional,Letter of Intent (LOI),Submitted,2025-07-15,2025-07-10,5000.00,Standard reporting milestone. No special conditions.
Tax Exemption Document - FY2023 Grant - 00329,CE-OPP-00329,Required,Tax Exemption Document,Approved,2024-09-15,2024-09-10,50000.00,Standard reporting milestone. No special conditions.
Final Evaluation - FY2024 Grant - 00330,CE-OPP-00330,Required,Final Evaluation,Overdue,2025-11-15,,12500.00,Standard reporting milestone. No special conditions.
Financial Report - FY2023 Grant - 00331,CE-OPP-00331,Optional,Financial Report,Not Started,2024-01-15,,10000.00,Standard reporting milestone. No special conditions.
Progress Report - FY2025 Grant - 00332,CE-OPP-00332,Required,Progress Report,In Progress,2025-03-15,,25000.00,Standard reporting milestone. No special conditions.
Letter of Intent (LOI) - FY2023 Grant - 00333,CE-OPP-00333,Required,Letter of Intent (LOI),Submitted,2024-05-15,2024-05-10,5000.00,Standard reporting milestone. No special conditions.
Tax Exemption Document - FY2024 Grant - 00334,CE-OPP-00334,Optional,Tax Exemption Document,Approved,2025-07-15,2025-07-10,50000.00,Standard reporting milestone. No special conditions.
Final Evaluation - FY2024 Grant - 00335,CE-OPP-00335,Required,Final Evaluation,Overdue,2024-09-15,,12500.00,Standard reporting milestone. No special conditions.
Financial Report - FY2022 Grant - 00336,CE-OPP-00336,Required,Financial Report,Not Started,2025-11-15,,10000.00,Standard reporting milestone. No special conditions.
Progress Report - FY2022 Grant - 00337,CE-OPP-00337,Optional,Progress Report,In Progress,2024-01-15,,25000.00,Standard reporting milestone. No special conditions.
Letter of Intent (LOI) - FY2024 Grant - 00338,CE-OPP-00338,Required,Letter of Intent (LOI),Submitted,2025-03-15,2025-03-10,5000.00,Standard reporting milestone. No special conditions.
Tax Exemption Document - FY2024 Grant - 00339,CE-OPP-00339,Required,Tax Exemption Document,Approved,2024-05-15,2024-05-10,50000.00,Standard reporting milestone. No special conditions.
Final Evaluation - FY2023 Grant - 00340,CE-OPP-00340,Optional,Final Evaluation,Overdue,2025-07-15,,12500.00,Standard reporting milestone. No special conditions.
Financial Report - FY2025 Grant - 00341,CE-OPP-00341,Required,Financial Report,Not Started,2024-09-15,,10000.00,Standard reporting milestone. No special conditions.
Progress Report - FY2024 Grant - 00342,CE-OPP-00342,Required,Progress Report,In Progress,2025-11-15,,25000.00,Standard reporting milestone. No special conditions.
Letter of Intent (LOI) - FY2024 Grant - 00343,CE-OPP-00343,Optional,Letter of Intent (LOI),Submitted,2024-01-15,2024-01-10,5000.00,Standard reporting milestone. No special conditions.
Tax Exemption Document - FY2023 Grant - 00344,CE-OPP-00344,Required,Tax Exemption Document,Approved,2025-03-15,2025-03-10,50000.00,Standard reporting milestone. No special conditions.
Final Evaluation - FY2023 Grant - 00345,CE-OPP-00345,Required,Final Evaluation,Overdue,2024-05-15,,12500.00,Standard reporting milestone. No special conditions.
Financial Report - FY2024 Grant - 00346,CE-OPP-00346,Optional,Financial Report,Not Started,2025-07-15,,10000.00,Standard reporting milestone. No special conditions.
Progress Report - FY2022 Grant - 00347,CE-OPP-00347,Required,Progress Report,In Progress,2024-09-15,,25000.00,Standard reporting milestone. No special conditions.
Letter of Intent (LOI) - FY2024 Grant - 00348,CE-OPP-00348,Required,Letter of Intent (LOI),Submitted,2025-11-15,2025-11-10,5000.00,Standard reporting milestone. No special conditions.
Tax Exemption Document - FY2022 Grant - 00349,CE-OPP-00349,Optional,Tax Exemption Document,Approved,2024-01-15,2024-01-10,50000.00,Standard reporting milestone. No special conditions.
Final Evaluation - FY2025 Grant - 00350,CE-OPP-00350,Required,Final Evaluation,Overdue,2025-03-15,,12500.00,Standard reporting milestone. No special conditions.
Financial Report - FY2023 Grant - 00351,CE-OPP-00351,Required,Financial Report,Not Started,2024-05-15,,10000.00,Standard reporting milestone. No special conditions.
Progress Report - FY2024 Grant - 00352,CE-OPP-00352,Optional,Progress Report,In Progress,2025-07-15,,25000.00,Standard reporting milestone. No special conditions.
Letter of Intent (LOI) - FY2024 Grant - 00353,CE-OPP-00353,Required,Letter of Intent (LOI),Submitted,2024-09-15,2024-09-10,5000.00,Standard reporting milestone. No special conditions.
Tax Exemption Document - FY2025 Grant - 00354,CE-OPP-00354,Required,Tax Exemption Document,Approved,2025-11-15,2025-11-10,50000.00,Standard reporting milestone. No special conditions.
Final Evaluation - FY2022 Grant - 00355,CE-OPP-00355,Optional,Final Evaluation,Overdue,2024-01-15,,12500.00,Standard reporting milestone. No special conditions.
Financial Report - FY2023 Grant - 00356,CE-OPP-00356,Required,Financial Report,Not Started,2025-03-15,,10000.00,Standard reporting milestone. No special conditions.
Progress Report - FY2025 Grant - 00357,CE-OPP-00357,Required,Progress Report,In Progress,2024-05-15,,25000.00,Standard reporting milestone. No special conditions.
Letter of Intent (LOI) - FY2024 Grant - 00358,CE-OPP-00358,Optional,Letter of Intent (LOI),Submitted,2025-07-15,2025-07-10,5000.00,Standard reporting milestone. No special conditions.
Tax Exemption Document - FY2023 Grant - 00359,CE-OPP-00359,Required,Tax Exemption Document,Approved,2024-09-15,2024-09-10,50000.00,Standard reporting milestone. No special conditions.
Final Evaluation - FY2024 Grant - 00360,CE-OPP-00360,Required,Final Evaluation,Overdue,2025-11-15,,12500.00,Standard reporting milestone. No special conditions.
Financial Report - FY2023 Grant - 00361,CE-OPP-00361,Optional,Financial Report,Not Started,2024-01-15,,10000.00,Standard reporting milestone. No special conditions.
Progress Report - FY2023 Grant - 00362,CE-OPP-00362,Required,Progress Report,In Progress,2025-03-15,,25000.00,Standard reporting milestone. No special conditions.
Letter of Intent (LOI) - FY2025 Grant - 00363,CE-OPP-00363,Required,Letter of Intent (LOI),Submitted,2024-05-15,2024-05-10,5000.00,Standard reporting milestone. No special conditions.
Tax Exemption Document - FY2025 Grant - 00364,CE-OPP-00364,Optional,Tax Exemption Document,Approved,2025-07-15,2025-07-10,50000.00,Standard reporting milestone. No special conditions.
Final Evaluation - FY2025 Grant - 00365,CE-OPP-00365,Required,Final Evaluation,Overdue,2024-09-15,,12500.00,Standard reporting milestone. No special conditions.
Financial Report - FY2024 Grant - 00366,CE-OPP-00366,Required,Financial Report,Not Started,2025-11-15,,10000.00,Standard reporting milestone. No special conditions.
Progress Report - FY2024 Grant - 00367,CE-OPP-00367,Optional,Progress Report,In Progress,2024-01-15,,25000.00,Standard reporting milestone. No special conditions.
Letter of Intent (LOI) - FY2025 Grant - 00368,CE-OPP-00368,Required,Letter of Intent (LOI),Submitted,2025-03-15,2025-03-10,5000.00,Standard reporting milestone. No special conditions.
Tax Exemption Document - FY2023 Grant - 00369,CE-OPP-00369,Required,Tax Exemption Document,Approved,2024-05-15,2024-05-10,50000.00,Standard reporting milestone. No special conditions.
Final Evaluation - FY2022 Grant - 00370,CE-OPP-00370,Optional,Final Evaluation,Overdue,2025-07-15,,12500.00,Standard reporting milestone. No special conditions.
Financial Report - FY2022 Grant - 00371,CE-OPP-00371,Required,Financial Report,Not Started,2024-09-15,,10000.00,Standard reporting milestone. No special conditions.
Progress Report - FY2024 Grant - 00372,CE-OPP-00372,Required,Progress Report,In Progress,2025-11-15,,25000.00,Standard reporting milestone. No special conditions.
Letter of Intent (LOI) - FY2025 Grant - 00373,CE-OPP-00373,Optional,Letter of Intent (LOI),Submitted,2024-01-15,2024-01-10,5000.00,Standard reporting milestone. No special conditions.
Tax Exemption Document - FY2025 Grant - 00374,CE-OPP-00374,Required,Tax Exemption Document,Approved,2025-03-15,2025-03-10,50000.00,Standard reporting milestone. No special conditions.
Final Evaluation - FY2024 Grant - 00375,CE-OPP-00375,Required,Final Evaluation,Overdue,2024-05-15,,12500.00,Standard reporting milestone. No special conditions.
Financial Report - FY2023 Grant - 00376,CE-OPP-00376,Optional,Financial Report,Not Started,2025-07-15,,10000.00,Standard reporting milestone. No special conditions.
Progress Report - FY2025 Grant - 00377,CE-OPP-00377,Required,Progress Report,In Progress,2024-09-15,,25000.00,Standard reporting milestone. No special conditions.
Letter of Intent (LOI) - FY2023 Grant - 00378,CE-OPP-00378,Required,Letter of Intent (LOI),Submitted,2025-11-15,2025-11-10,5000.00,Standard reporting milestone. No special conditions.
Tax Exemption Document - FY2023 Grant - 00379,CE-OPP-00379,Optional,Tax Exemption Document,Approved,2024-01-15,2024-01-10,50000.00,Standard reporting milestone. No special conditions.
Final Evaluation - FY2023 Grant - 00380,CE-OPP-00380,Required,Final Evaluation,Overdue,2025-03-15,,12500.00,Standard reporting milestone. No special conditions.
Financial Report - FY2023 Grant - 00381,CE-OPP-00381,Required,Financial Report,Not Started,2024-05-15,,10000.00,Standard reporting milestone. No special conditions.
Progress Report - FY2025 Grant - 00382,CE-OPP-00382,Optional,Progress Report,In Progress,2025-07-15,,25000.00,Standard reporting milestone. No special conditions.
Letter of Intent (LOI) - FY2024 Grant - 00383,CE-OPP-00383,Required,Letter of Intent (LOI),Submitted,2024-09-15,2024-09-10,5000.00,Standard reporting milestone. No special conditions.
Tax Exemption Document - FY2024 Grant - 00384,CE-OPP-00384,Required,Tax Exemption Document,Approved,2025-11-15,2025-11-10,50000.00,Standard reporting milestone. No special conditions.
Final Evaluation - FY2024 Grant - 00385,CE-OPP-00385,Optional,Final Evaluation,Overdue,2024-01-15,,12500.00,Standard reporting milestone. No special conditions.
Financial Report - FY2024 Grant - 00386,CE-OPP-00386,Required,Financial Report,Not Started,2025-03-15,,10000.00,Standard reporting milestone. No special conditions.
Progress Report - FY2023 Grant - 00387,CE-OPP-00387,Required,Progress Report,In Progress,2024-05-15,,25000.00,Standard reporting milestone. No special conditions.
Letter of Intent (LOI) - FY2025 Grant - 00388,CE-OPP-00388,Optional,Letter of Intent (LOI),Submitted,2025-07-15,2025-07-10,5000.00,Standard reporting milestone. No special conditions.
Tax Exemption Document - FY2023 Grant - 00389,CE-OPP-00389,Required,Tax Exemption Document,Approved,2024-09-15,2024-09-10,50000.00,Standard reporting milestone. No special conditions.
Final Evaluation - FY2022 Grant - 00390,CE-OPP-00390,Required,Final Evaluation,Overdue,2025-11-15,,12500.00,Standard reporting milestone. No special conditions.
Financial Report - FY2023 Grant - 00391,CE-OPP-00391,Optional,Financial Report,Not Started,2024-01-15,,10000.00,Standard reporting milestone. No special conditions.
Progress Report - FY2023 Grant - 00392,CE-OPP-00392,Required,Progress Report,In Progress,2025-03-15,,25000.00,Standard reporting milestone. No special conditions.
Letter of Intent (LOI) - FY2023 Grant - 00393,CE-OPP-00393,Required,Letter of Intent (LOI),Submitted,2024-05-15,2024-05-10,5000.00,Standard reporting milestone. No special conditions.
Tax Exemption Document - FY2023 Grant - 00394,CE-OPP-00394,Optional,Tax Exemption Document,Approved,2025-07-15,2025-07-10,50000.00,Standard reporting milestone. No special conditions.
Final Evaluation - FY2024 Grant - 00395,CE-OPP-00395,Required,Final Evaluation,Overdue,2024-09-15,,12500.00,Standard reporting milestone. No special conditions.
Financial Report - FY2023 Grant - 00396,CE-OPP-00396,Required,Financial Report,Not Started,2025-11-15,,10000.00,Standard reporting milestone. No special conditions.
Progress Report - FY2025 Grant - 00397,CE-OPP-00397,Optional,Progress Report,In Progress,2024-01-15,,25000.00,Standard reporting milestone. No special conditions.
Letter of Intent (LOI) - FY2022 Grant - 00398,CE-OPP-00398,Required,Letter of Intent (LOI),Submitted,2025-03-15,2025-03-10,5000.00,Standard reporting milestone. No special conditions.
Tax Exemption Document - FY2022 Grant - 00399,CE-OPP-00399,Required,Tax Exemption Document,Approved,2024-05-15,2024-05-10,50000.00,Standard reporting milestone. No special conditions.
Final Evaluation - FY2023 Grant - 00400,CE-OPP-00400,Optional,Final Evaluation,Overdue,2025-07-15,,12500.00,Standard reporting milestone. No special conditions.
Financial Report - FY2023 Grant - 00401,CE-OPP-00401,Required,Financial Report,Not Started,2024-09-15,,10000.00,Standard reporting milestone. No special conditions.
Progress Report - FY2025 Grant - 00402,CE-OPP-00402,Required,Progress Report,In Progress,2025-11-15,,25000.00,Standard reporting milestone. No special conditions.
Letter of Intent (LOI) - FY2024 Grant - 00403,CE-OPP-00403,Optional,Letter of Intent (LOI),Submitted,2024-01-15,2024-01-10,5000.00,Standard reporting milestone. No special conditions.
Tax Exemption Document - FY2022 Grant - 00404,CE-OPP-00404,Required,Tax Exemption Document,Approved,2025-03-15,2025-03-10,50000.00,Standard reporting milestone. No special conditions.
Final Evaluation - FY2025 Grant - 00405,CE-OPP-00405,Required,Final Evaluation,Overdue,2024-05-15,,12500.00,Standard reporting milestone. No special conditions.
Financial Report - FY2023 Grant - 00406,CE-OPP-00406,Optional,Financial Report,Not Started,2025-07-15,,10000.00,Standard reporting milestone. No special conditions.
Progress Report - FY2024 Grant - 00407,CE-OPP-00407,Required,Progress Report,In Progress,2024-09-15,,25000.00,Standard reporting milestone. No special conditions.
Letter of Intent (LOI) - FY2024 Grant - 00408,CE-OPP-00408,Required,Letter of Intent (LOI),Submitted,2025-11-15,2025-11-10,5000.00,Standard reporting milestone. No special conditions.
Tax Exemption Document - FY2023 Grant - 00409,CE-OPP-00409,Optional,Tax Exemption Document,Approved,2024-01-15,2024-01-10,50000.00,Standard reporting milestone. No special conditions.
Final Evaluation - FY2023 Grant - 00410,CE-OPP-00410,Required,Final Evaluation,Overdue,2025-03-15,,12500.00,Standard reporting milestone. No special conditions.
Financial Report - FY2024 Grant - 00411,CE-OPP-00411,Required,Financial Report,Not Started,2024-05-15,,10000.00,Standard reporting milestone. No special conditions.
Progress Report - FY2023 Grant - 00412,CE-OPP-00412,Optional,Progress Report,In Progress,2025-07-15,,25000.00,Standard reporting milestone. No special conditions.
Letter of Intent (LOI) - FY2022 Grant - 00413,CE-OPP-00413,Required,Letter of Intent (LOI),Submitted,2024-09-15,2024-09-10,5000.00,Standard reporting milestone. No special conditions.
Tax Exemption Document - FY2022 Grant - 00414,CE-OPP-00414,Required,Tax Exemption Document,Approved,2025-11-15,2025-11-10,50000.00,Standard reporting milestone. No special conditions.
Final Evaluation - FY2024 Grant - 00415,CE-OPP-00415,Optional,Final Evaluation,Overdue,2024-01-15,,12500.00,Standard reporting milestone. No special conditions.
Financial Report - FY2024 Grant - 00416,CE-OPP-00416,Required,Financial Report,Not Started,2025-03-15,,10000.00,Standard reporting milestone. No special conditions.
Progress Report - FY2025 Grant - 00417,CE-OPP-00417,Required,Progress Report,In Progress,2024-05-15,,25000.00,Standard reporting milestone. No special conditions.
Letter of Intent (LOI) - FY2022 Grant - 00418,CE-OPP-00418,Optional,Letter of Intent (LOI),Submitted,2025-07-15,2025-07-10,5000.00,Standard reporting milestone. No special conditions.
Tax Exemption Document - FY2024 Grant - 00419,CE-OPP-00419,Required,Tax Exemption Document,Approved,2024-09-15,2024-09-10,50000.00,Standard reporting milestone. No special conditions.
Final Evaluation - FY2022 Grant - 00420,CE-OPP-00420,Required,Final Evaluation,Overdue,2025-11-15,,12500.00,Standard reporting milestone. No special conditions.
Financial Report - FY2024 Grant - 00421,CE-OPP-00421,Optional,Financial Report,Not Started,2024-01-15,,10000.00,Standard reporting milestone. No special conditions.
Progress Report - FY2025 Grant - 00422,CE-OPP-00422,Required,Progress Report,In Progress,2025-03-15,,25000.00,Standard reporting milestone. No special conditions.
Letter of Intent (LOI) - FY2024 Grant - 00423,CE-OPP-00423,Required,Letter of Intent (LOI),Submitted,2024-05-15,2024-05-10,5000.00,Standard reporting milestone. No special conditions.
Tax Exemption Document - FY2025 Grant - 00424,CE-OPP-00424,Optional,Tax Exemption Document,Approved,2025-07-15,2025-07-10,50000.00,Standard reporting milestone. No special conditions.
Final Evaluation - FY2023 Grant - 00425,CE-OPP-00425,Required,Final Evaluation,Overdue,2024-09-15,,12500.00,Standard reporting milestone. No special conditions.
Financial Report - FY2022 Grant - 00426,CE-OPP-00426,Required,Financial Report,Not Started,2025-11-15,,10000.00,Standard reporting milestone. No special conditions.
Progress Report - FY2024 Grant - 00427,CE-OPP-00427,Optional,Progress Report,In Progress,2024-01-15,,25000.00,Standard reporting milestone. No special conditions.
Letter of Intent (LOI) - FY2025 Grant - 00428,CE-OPP-00428,Required,Letter of Intent (LOI),Submitted,2025-03-15,2025-03-10,5000.00,Standard reporting milestone. No special conditions.
Tax Exemption Document - FY2024 Grant - 00429,CE-OPP-00429,Required,Tax Exemption Document,Approved,2024-05-15,2024-05-10,50000.00,Standard reporting milestone. No special conditions.
Final Evaluation - FY2024 Grant - 00430,CE-OPP-00430,Optional,Final Evaluation,Overdue,2025-07-15,,12500.00,Standard reporting milestone. No special conditions.
Financial Report - FY2025 Grant - 00431,CE-OPP-00431,Required,Financial Report,Not Started,2024-09-15,,10000.00,Standard reporting milestone. No special conditions.
Progress Report - FY2025 Grant - 00432,CE-OPP-00432,Required,Progress Report,In Progress,2025-11-15,,25000.00,Standard reporting milestone. No special conditions.
Letter of Intent (LOI) - FY2024 Grant - 00433,CE-OPP-00433,Optional,Letter of Intent (LOI),Submitted,2024-01-15,2024-01-10,5000.00,Standard reporting milestone. No special conditions.
Tax Exemption Document - FY2025 Grant - 00434,CE-OPP-00434,Required,Tax Exemption Document,Approved,2025-03-15,2025-03-10,50000.00,Standard reporting milestone. No special conditions.
Final Evaluation - FY2024 Grant - 00435,CE-OPP-00435,Required,Final Evaluation,Overdue,2024-05-15,,12500.00,Standard reporting milestone. No special conditions.
Financial Report - FY2025 Grant - 00436,CE-OPP-00436,Optional,Financial Report,Not Started,2025-07-15,,10000.00,Standard reporting milestone. No special conditions.
Progress Report - FY2024 Grant - 00437,CE-OPP-00437,Required,Progress Report,In Progress,2024-09-15,,25000.00,Standard reporting milestone. No special conditions.
Letter of Intent (LOI) - FY2024 Grant - 00438,CE-OPP-00438,Required,Letter of Intent (LOI),Submitted,2025-11-15,2025-11-10,5000.00,Standard reporting milestone. No special conditions.
Tax Exemption Document - FY2024 Grant - 00439,CE-OPP-00439,Optional,Tax Exemption Document,Approved,2024-01-15,2024-01-10,50000.00,Standard reporting milestone. No special conditions.
Final Evaluation - FY2025 Grant - 00440,CE-OPP-00440,Required,Final Evaluation,Overdue,2025-03-15,,12500.00,Standard reporting milestone. No special conditions.
Financial Report - FY2025 Grant - 00441,CE-OPP-00441,Required,Financial Report,Not Started,2024-05-15,,10000.00,Standard reporting milestone. No special conditions.
Progress Report - FY2022 Grant - 00442,CE-OPP-00442,Optional,Progress Report,In Progress,2025-07-15,,25000.00,Standard reporting milestone. No special conditions.
Letter of Intent (LOI) - FY2024 Grant - 00443,CE-OPP-00443,Required,Letter of Intent (LOI),Submitted,2024-09-15,2024-09-10,5000.00,Standard reporting milestone. No special conditions.
Tax Exemption Document - FY2023 Grant - 00444,CE-OPP-00444,Required,Tax Exemption Document,Approved,2025-11-15,2025-11-10,50000.00,Standard reporting milestone. No special conditions.
Final Evaluation - FY2023 Grant - 00445,CE-OPP-00445,Optional,Final Evaluation,Overdue,2024-01-15,,12500.00,Standard reporting milestone. No special conditions.
Financial Report - FY2025 Grant - 00446,CE-OPP-00446,Required,Financial Report,Not Started,2025-03-15,,10000.00,Standard reporting milestone. No special conditions.
Progress Report - FY2025 Grant - 00447,CE-OPP-00447,Required,Progress Report,In Progress,2024-05-15,,25000.00,Standard reporting milestone. No special conditions.
Letter of Intent (LOI) - FY2022 Grant - 00448,CE-OPP-00448,Optional,Letter of Intent (LOI),Submitted,2025-07-15,2025-07-10,5000.00,Standard reporting milestone. No special conditions.
Tax Exemption Document - FY2024 Grant - 00449,CE-OPP-00449,Required,Tax Exemption Document,Approved,2024-09-15,2024-09-10,50000.00,Standard reporting milestone. No special conditions.
Final Evaluation - FY2025 Grant - 00450,CE-OPP-00450,Required,Final Evaluation,Overdue,2025-11-15,,12500.00,Standard reporting milestone. No special conditions.
Financial Report - FY2024 Grant - 00451,CE-OPP-00451,Optional,Financial Report,Not Started,2024-01-15,,10000.00,Standard reporting milestone. No special conditions.
Progress Report - FY2023 Grant - 00452,CE-OPP-00452,Required,Progress Report,In Progress,2025-03-15,,25000.00,Standard reporting milestone. No special conditions.
Letter of Intent (LOI) - FY2025 Grant - 00453,CE-OPP-00453,Required,Letter of Intent (LOI),Submitted,2024-05-15,2024-05-10,5000.00,Standard reporting milestone. No special conditions.
Tax Exemption Document - FY2022 Grant - 00454,CE-OPP-00454,Optional,Tax Exemption Document,Approved,2025-07-15,2025-07-10,50000.00,Standard reporting milestone. No special conditions.
Final Evaluation - FY2023 Grant - 00455,CE-OPP-00455,Required,Final Evaluation,Overdue,2024-09-15,,12500.00,Standard reporting milestone. No special conditions.
Financial Report - FY2024 Grant - 00456,CE-OPP-00456,Required,Financial Report,Not Started,2025-11-15,,10000.00,Standard reporting milestone. No special conditions.
Progress Report - FY2024 Grant - 00457,CE-OPP-00457,Optional,Progress Report,In Progress,2024-01-15,,25000.00,Standard reporting milestone. No special conditions.
Letter of Intent (LOI) - FY2025 Grant - 00458,CE-OPP-00458,Required,Letter of Intent (LOI),Submitted,2025-03-15,2025-03-10,5000.00,Standard reporting milestone. No special conditions.
Tax Exemption Document - FY2022 Grant - 00459,CE-OPP-00459,Required,Tax Exemption Document,Approved,2024-05-15,2024-05-10,50000.00,Standard reporting milestone. No special conditions.
Final Evaluation - FY2023 Grant - 00460,CE-OPP-00460,Optional,Final Evaluation,Overdue,2025-07-15,,12500.00,Standard reporting milestone. No special conditions.
Financial Report - FY2022 Grant - 00461,CE-OPP-00461,Required,Financial Report,Not Started,2024-09-15,,10000.00,Standard reporting milestone. No special conditions.
Progress Report - FY2024 Grant - 00462,CE-OPP-00462,Required,Progress Report,In Progress,2025-11-15,,25000.00,Standard reporting milestone. No special conditions.
Letter of Intent (LOI) - FY2025 Grant - 00463,CE-OPP-00463,Optional,Letter of Intent (LOI),Submitted,2024-01-15,2024-01-10,5000.00,Standard reporting milestone. No special conditions.
Tax Exemption Document - FY2023 Grant - 00464,CE-OPP-00464,Required,Tax Exemption Document,Approved,2025-03-15,2025-03-10,50000.00,Standard reporting milestone. No special conditions.
Final Evaluation - FY2024 Grant - 00465,CE-OPP-00465,Required,Final Evaluation,Overdue,2024-05-15,,12500.00,Standard reporting milestone. No special conditions.
Financial Report - FY2024 Grant - 00466,CE-OPP-00466,Optional,Financial Report,Not Started,2025-07-15,,10000.00,Standard reporting milestone. No special conditions.
Progress Report - FY2024 Grant - 00467,CE-OPP-00467,Required,Progress Report,In Progress,2024-09-15,,25000.00,Standard reporting milestone. No special conditions.
Letter of Intent (LOI) - FY2023 Grant - 00468,CE-OPP-00468,Required,Letter of Intent (LOI),Submitted,2025-11-15,2025-11-10,5000.00,Standard reporting milestone. No special conditions.
Tax Exemption Document - FY2023 Grant - 00469,CE-OPP-00469,Optional,Tax Exemption Document,Approved,2024-01-15,2024-01-10,50000.00,Standard reporting milestone. No special conditions.
Final Evaluation - FY2023 Grant - 00470,CE-OPP-00470,Required,Final Evaluation,Overdue,2025-03-15,,12500.00,Standard reporting milestone. No special conditions.
Financial Report - FY2023 Grant - 00471,CE-OPP-00471,Required,Financial Report,Not Started,2024-05-15,,10000.00,Standard reporting milestone. No special conditions.
Progress Report - FY2022 Grant - 00472,CE-OPP-00472,Optional,Progress Report,In Progress,2025-07-15,,25000.00,Standard reporting milestone. No special conditions.
Letter of Intent (LOI) - FY2022 Grant - 00473,CE-OPP-00473,Required,Letter of Intent (LOI),Submitted,2024-09-15,2024-09-10,5000.00,Standard reporting milestone. No special conditions.
Tax Exemption Document - FY2024 Grant - 00474,CE-OPP-00474,Required,Tax Exemption Document,Approved,2025-11-15,2025-11-10,50000.00,Standard reporting milestone. No special conditions.
Final Evaluation - FY2024 Grant - 00475,CE-OPP-00475,Optional,Final Evaluation,Overdue,2024-01-15,,12500.00,Standard reporting milestone. No special conditions.
Financial Report - FY2025 Grant - 00476,CE-OPP-00476,Required,Financial Report,Not Started,2025-03-15,,10000.00,Standard reporting milestone. No special conditions.
Progress Report - FY2025 Grant - 00477,CE-OPP-00477,Required,Progress Report,In Progress,2024-05-15,,25000.00,Standard reporting milestone. No special conditions.
Letter of Intent (LOI) - FY2023 Grant - 00478,CE-OPP-00478,Optional,Letter of Intent (LOI),Submitted,2025-07-15,2025-07-10,5000.00,Standard reporting milestone. No special conditions.
Tax Exemption Document - FY2025 Grant - 00479,CE-OPP-00479,Required,Tax Exemption Document,Approved,2024-09-15,2024-09-10,50000.00,Standard reporting milestone. No special conditions.
Final Evaluation - FY2022 Grant - 00480,CE-OPP-00480,Required,Final Evaluation,Overdue,2025-11-15,,12500.00,Standard reporting milestone. No special conditions.
Financial Report - FY2023 Grant - 00481,CE-OPP-00481,Optional,Financial Report,Not Started,2024-01-15,,10000.00,Standard reporting milestone. No special conditions.
Progress Report - FY2022 Grant - 00482,CE-OPP-00482,Required,Progress Report,In Progress,2025-03-15,,25000.00,Standard reporting milestone. No special conditions.
Letter of Intent (LOI) - FY2023 Grant - 00483,CE-OPP-00483,Required,Letter of Intent (LOI),Submitted,2024-05-15,2024-05-10,5000.00,Standard reporting milestone. No special conditions.
Tax Exemption Document - FY2024 Grant - 00484,CE-OPP-00484,Optional,Tax Exemption Document,Approved,2025-07-15,2025-07-10,50000.00,Standard reporting milestone. No special conditions.
Final Evaluation - FY2024 Grant - 00485,CE-OPP-00485,Required,Final Evaluation,Overdue,2024-09-15,,12500.00,Standard reporting milestone. No special conditions.
Financial Report - FY2022 Grant - 00486,CE-OPP-00486,Required,Financial Report,Not Started,2025-11-15,,10000.00,Standard reporting milestone. No special conditions.
Progress Report - FY2024 Grant - 00487,CE-OPP-00487,Optional,Progress Report,In Progress,2024-01-15,,25000.00,Standard reporting milestone. No special conditions.
Letter of Intent (LOI) - FY2024 Grant - 00488,CE-OPP-00488,Required,Letter of Intent (LOI),Submitted,2025-03-15,2025-03-10,5000.00,Standard reporting milestone. No special conditions.
Tax Exemption Document - FY2023 Grant - 00489,CE-OPP-00489,Required,Tax Exemption Document,Approved,2024-05-15,2024-05-10,50000.00,Standard reporting milestone. No special conditions.
Final Evaluation - FY2022 Grant - 00490,CE-OPP-00490,Optional,Final Evaluation,Overdue,2025-07-15,,12500.00,Standard reporting milestone. No special conditions.
Financial Report - FY2025 Grant - 00491,CE-OPP-00491,Required,Financial Report,Not Started,2024-09-15,,10000.00,Standard reporting milestone. No special conditions.
Progress Report - FY2023 Grant - 00492,CE-OPP-00492,Required,Progress Report,In Progress,2025-11-15,,25000.00,Standard reporting milestone. No special conditions.
Letter of Intent (LOI) - FY2025 Grant - 00493,CE-OPP-00493,Optional,Letter of Intent (LOI),Submitted,2024-01-15,2024-01-10,5000.00,Standard reporting milestone. No special conditions.
Tax Exemption Document - FY2023 Grant - 00494,CE-OPP-00494,Required,Tax Exemption Document,Approved,2025-03-15,2025-03-10,50000.00,Standard reporting milestone. No special conditions.
Final Evaluation - FY2022 Grant - 00495,CE-OPP-00495,Required,Final Evaluation,Overdue,2024-05-15,,12500.00,Standard reporting milestone. No special conditions.
Financial Report - FY2023 Grant - 00496,CE-OPP-00496,Optional,Financial Report,Not Started,2025-07-15,,10000.00,Standard reporting milestone. No special conditions.
Progress Report - FY2023 Grant - 00497,CE-OPP-00497,Required,Progress Report,In Progress,2024-09-15,,25000.00,Standard reporting milestone. No special conditions.
Letter of Intent (LOI) - FY2023 Grant - 00498,CE-OPP-00498,Required,Letter of Intent (LOI),Submitted,2025-11-15,2025-11-10,5000.00,Standard reporting milestone. No special conditions.
Tax Exemption Document - FY2024 Grant - 00499,CE-OPP-00499,Optional,Tax Exemption Document,Approved,2024-01-15,2024-01-10,50000.00,Standard reporting milestone. No special conditions.
Final Evaluation - FY2025 Grant - 00500,CE-OPP-00500,Required,Final Evaluation,Overdue,2025-03-15,,12500.00,Standard reporting milestone. No special conditions.
